{"cameraMode":{"drawMode":0,"name":"Shaded","section":"Shading Mode"},"sceneLighting":true,"audioPlay":false,"sceneViewState":{"showFog":true,"showMaterialUpdate":false,"showSkybox":true,"showFlares":true,"showImageEffects":true,"showParticleSystems":true},"in2DMode":false,"pivot":{"x":-41.02523422241211,"y":0.3978309631347656,"z":3.40608549118042},"rotation":{"x":0.1489025503396988,"y":0.3346432149410248,"z":-0.05389607697725296,"w":0.9291109442710877},"size":13.795889854431153,"orthographic":false}