{"cameraMode":{"drawMode":0,"name":"Shaded","section":"Shading Mode"},"sceneLighting":true,"audioPlay":false,"sceneViewState":{"showFog":true,"showMaterialUpdate":false,"showSkybox":true,"showFlares":true,"showImageEffects":true,"showParticleSystems":true},"in2DMode":false,"pivot":{"x":-6.939340591430664,"y":1.852057933807373,"z":-0.4573907256126404},"rotation":{"x":-0.24447016417980195,"y":-0.07931900024414063,"z":0.020054034888744355,"w":-0.9662469625473023},"size":1.0653142929077149,"orthographic":false}