{"cameraMode":{"drawMode":0,"name":"Shaded","section":"Shading Mode"},"sceneLighting":true,"audioPlay":false,"sceneViewState":{"showFog":true,"showMaterialUpdate":false,"showSkybox":true,"showFlares":true,"showImageEffects":true,"showParticleSystems":true},"in2DMode":false,"pivot":{"x":-58.765342712402347,"y":-9.730792999267579,"z":101.44132232666016},"rotation":{"x":0.05679842829704285,"y":-0.08605287224054337,"z":0.004550729412585497,"w":0.9948385953903198},"size":107.69538116455078,"orthographic":false}