{"cameraMode":{"drawMode":0,"name":"Shaded","section":"Shading Mode"},"sceneLighting":true,"audioPlay":false,"sceneViewState":{"showFog":true,"showMaterialUpdate":false,"showSkybox":true,"showFlares":true,"showImageEffects":true,"showParticleSystems":true},"in2DMode":false,"pivot":{"x":-40.45545959472656,"y":1.8389798402786255,"z":-2.7059555053710939},"rotation":{"x":-0.19963736832141877,"y":-0.020537739619612695,"z":0.005193361546844244,"w":-0.9799122214317322},"size":1.734302043914795,"orthographic":false}