{"cameraMode":{"drawMode":0,"name":"Shaded","section":"Shading Mode"},"sceneLighting":true,"audioPlay":false,"sceneViewState":{"showFog":true,"showMaterialUpdate":false,"showSkybox":true,"showFlares":true,"showImageEffects":true,"showParticleSystems":true},"in2DMode":false,"pivot":{"x":-38.46525955200195,"y":1.4342012405395508,"z":-2.286670446395874},"rotation":{"x":0.140532985329628,"y":-0.005050589796155691,"z":0.0007158563821576536,"w":0.9900724291801453},"size":2.277379035949707,"orthographic":false}