{"cameraMode":{"drawMode":0,"name":"Shaded","section":"Shading Mode"},"sceneLighting":true,"audioPlay":false,"sceneViewState":{"showFog":true,"showMaterialUpdate":false,"showSkybox":true,"showFlares":true,"showImageEffects":true,"showParticleSystems":true},"in2DMode":false,"pivot":{"x":-6.982847213745117,"y":0.8709864020347595,"z":-0.4428006410598755},"rotation":{"x":-0.26023292541503909,"y":0.13186964392662049,"z":-0.03591703251004219,"w":-0.9558629989624023},"size":1.877514362335205,"orthographic":false}