{"cameraMode":{"drawMode":0,"name":"Shaded","section":"Shading Mode"},"sceneLighting":true,"audioPlay":false,"sceneViewState":{"showFog":true,"showMaterialUpdate":false,"showSkybox":true,"showFlares":true,"showImageEffects":true,"showParticleSystems":true},"in2DMode":false,"pivot":{"x":-39.91016387939453,"y":1.2981505393981934,"z":-2.0779166221618654},"rotation":{"x":0.09746777266263962,"y":-0.32992440462112429,"z":0.0342680923640728,"w":0.938345730304718},"size":3.525444746017456,"orthographic":false}