{"cameraMode":{"drawMode":0,"name":"Shaded","section":"Shading Mode"},"sceneLighting":true,"audioPlay":false,"sceneViewState":{"showFog":true,"showMaterialUpdate":false,"showSkybox":true,"showFlares":true,"showImageEffects":true,"showParticleSystems":true},"in2DMode":false,"pivot":{"x":-39.40884780883789,"y":-0.6486603617668152,"z":2.6524269580841066},"rotation":{"x":-0.15803329646587373,"y":0.08637769520282746,"z":-0.013904708437621594,"w":-0.983604907989502},"size":8.165790557861329,"orthographic":false}