{"cameraMode":{"drawMode":0,"name":"Shaded","section":"Shading Mode"},"sceneLighting":false,"audioPlay":false,"sceneViewState":{"showFog":true,"showMaterialUpdate":false,"showSkybox":false,"showFlares":true,"showImageEffects":true,"showParticleSystems":true},"in2DMode":false,"pivot":{"x":-6.571106910705566,"y":0.5951098203659058,"z":0.13407206535339356},"rotation":{"x":-0.309234619140625,"y":0.07179296761751175,"z":-0.02345668151974678,"w":-0.9480251669883728},"size":3.9585111141204836,"orthographic":false}